,0,DateTime
0,519597.7833333333,2017-11-01 00:00:00
1,498347.4576271186,2017-11-01 01:00:00
2,484304.2833333333,2017-11-01 02:00:00
3,466379.6666666667,2017-11-01 03:00:00
4,485671.56666666665,2017-11-01 04:00:00
5,468393.77966101695,2017-11-01 05:00:00
6,391543.95,2017-11-01 06:00:00
7,431921.48333333334,2017-11-01 07:00:00
8,508465.13333333336,2017-11-01 08:00:00
9,721912.7118644068,2017-11-01 09:00:00
10,793448.25,2017-11-01 10:00:00
11,771201.4237288135,2017-11-01 11:00:00
12,829036.2166666667,2017-11-01 12:00:00
13,772772.4,2017-11-01 13:00:00
14,739610.2833333333,2017-11-01 14:00:00
15,782929.5254237289,2017-11-01 15:00:00
16,729529.5333333333,2017-11-01 16:00:00
17,707244.05,2017-11-01 17:00:00
18,683959.2166666667,2017-11-01 18:00:00
19,650222.4915254237,2017-11-01 19:00:00
20,627707.3166666667,2017-11-01 20:00:00
21,606695.1833333333,2017-11-01 21:00:00
22,590271.85,2017-11-01 22:00:00
23,543409.6779661017,2017-11-01 23:00:00
24,516094.98333333334,2017-11-02 00:00:00
25,491180.7,2017-11-02 01:00:00
26,477839.0833333333,2017-11-02 02:00:00
27,467708.22033898305,2017-11-02 03:00:00
28,473156.31666666665,2017-11-02 04:00:00
29,457869.9666666667,2017-11-02 05:00:00
30,415218.51666666666,2017-11-02 06:00:00
31,439950.66101694916,2017-11-02 07:00:00
32,528496.0333333333,2017-11-02 08:00:00
33,670897.1833333333,2017-11-02 09:00:00
34,720449.2647058824,2017-11-02 10:00:00
35,711119.3166666667,2017-11-02 11:00:00
36,679552.5166666667,2017-11-02 12:00:00
37,652792.9333333333,2017-11-02 13:00:00
38,695944.9491525424,2017-11-02 14:00:00
39,729301.8,2017-11-02 15:00:00
40,702442.5833333334,2017-11-02 16:00:00
41,699519.9333333333,2017-11-02 17:00:00
42,677462.8833333333,2017-11-02 18:00:00
43,622357.8305084746,2017-11-02 19:00:00
44,577002.35,2017-11-02 20:00:00
45,597025.4833333333,2017-11-02 21:00:00
46,595300.0166666667,2017-11-02 22:00:00
47,518786.25423728814,2017-11-02 23:00:00
48,493817.48333333334,2017-11-03 00:00:00
49,479874.1666666667,2017-11-03 01:00:00
50,458952.3333333333,2017-11-03 02:00:00
51,445641.0677966102,2017-11-03 03:00:00
52,460902.93333333335,2017-11-03 04:00:00
53,434340.2,2017-11-03 05:00:00
54,399242.01666666666,2017-11-03 06:00:00
55,416652.5593220339,2017-11-03 07:00:00
56,499486.4,2017-11-03 08:00:00
57,599427.1166666667,2017-11-03 09:00:00
58,769675.8666666667,2017-11-03 10:00:00
59,778966.8474576271,2017-11-03 11:00:00
60,758133.2833333333,2017-11-03 12:00:00
61,735425.4666666667,2017-11-03 13:00:00
62,768484.8333333334,2017-11-03 14:00:00
63,771770.6440677966,2017-11-03 15:00:00
64,778815.1333333333,2017-11-03 16:00:00
65,752404.6833333333,2017-11-03 17:00:00
66,724562.4666666667,2017-11-03 18:00:00
67,661745.8305084746,2017-11-03 19:00:00
68,652097.6333333333,2017-11-03 20:00:00
69,626457.45,2017-11-03 21:00:00
70,615895.4166666666,2017-11-03 22:00:00
71,548627.3389830509,2017-11-03 23:00:00
72,522485.7,2017-11-04 00:00:00
73,505287.55,2017-11-04 01:00:00
74,481850.7833333333,2017-11-04 02:00:00
75,470514.76271186443,2017-11-04 03:00:00
76,479249.31666666665,2017-11-04 04:00:00
77,460724.86666666664,2017-11-04 05:00:00
78,412345.3,2017-11-04 06:00:00
79,426717.4406779661,2017-11-04 07:00:00
80,489545.63333333336,2017-11-04 08:00:00
81,550133.4666666667,2017-11-04 09:00:00
82,610134.2833333333,2017-11-04 10:00:00
83,658057.593220339,2017-11-04 11:00:00
84,636098.8833333333,2017-11-04 12:00:00
85,623041.7,2017-11-04 13:00:00
86,605871.5333333333,2017-11-04 14:00:00
87,591551.813559322,2017-11-04 15:00:00
88,573647.3166666667,2017-11-04 16:00:00
89,630273.3666666667,2017-11-04 17:00:00
90,659526.4590163934,2017-11-04 18:00:00
91,652216.1034482758,2017-11-04 19:00:00
92,617865.2833333333,2017-11-04 20:00:00
93,619680.8,2017-11-04 21:00:00
94,617759.9666666667,2017-11-04 22:00:00
95,555220.3220338983,2017-11-04 23:00:00
96,532065.6666666666,2017-11-05 00:00:00
97,515311.51666666666,2017-11-05 01:00:00
98,488664.8,2017-11-05 02:00:00
99,472441.6440677966,2017-11-05 03:00:00
100,499421.65,2017-11-05 04:00:00
101,476534.26666666666,2017-11-05 05:00:00
102,387865.45,2017-11-05 06:00:00
103,403926.33898305084,2017-11-05 07:00:00
104,455537.7166666667,2017-11-05 08:00:00
105,576858.5833333334,2017-11-05 09:00:00
106,591848.0784313725,2017-11-05 10:00:00
107,592485.5,2017-11-05 11:00:00
108,585226.1764705882,2017-11-05 12:00:00
109,586261.6833333333,2017-11-05 13:00:00
110,555926.2,2017-11-05 14:00:00
111,549868.5254237289,2017-11-05 15:00:00
112,550822.5833333334,2017-11-05 16:00:00
113,605971.7666666667,2017-11-05 17:00:00
114,650563.55,2017-11-05 18:00:00
115,645378.3050847457,2017-11-05 19:00:00
116,629872.6,2017-11-05 20:00:00
117,627488.65,2017-11-05 21:00:00
118,601259.8,2017-11-05 22:00:00
119,570456.2711864407,2017-11-05 23:00:00
120,533018.0166666667,2017-11-06 00:00:00
121,504629.98333333334,2017-11-06 01:00:00
122,491657.6666666667,2017-11-06 02:00:00
123,482023.3728813559,2017-11-06 03:00:00
124,472157.5333333333,2017-11-06 04:00:00
125,480735.9666666667,2017-11-06 05:00:00
126,417436.76666666666,2017-11-06 06:00:00
127,429568.76271186443,2017-11-06 07:00:00
128,531549.2166666667,2017-11-06 08:00:00
129,640199.0588235294,2017-11-06 09:00:00
130,889577.9166666666,2017-11-06 10:00:00
131,945065.6,2017-11-06 11:00:00
132,893580.0166666667,2017-11-06 12:00:00
133,851525.5423728813,2017-11-06 13:00:00
134,863297.55,2017-11-06 14:00:00
135,871342.6833333333,2017-11-06 15:00:00
136,823804.1833333333,2017-11-06 16:00:00
137,823623.9491525424,2017-11-06 17:00:00
138,745380.2833333333,2017-11-06 18:00:00
139,735778.5666666667,2017-11-06 19:00:00
140,681529.5666666667,2017-11-06 20:00:00
141,651914.406779661,2017-11-06 21:00:00
142,645930.1666666666,2017-11-06 22:00:00
143,591184.1333333333,2017-11-06 23:00:00
144,556927.1666666666,2017-11-07 00:00:00
145,537235.5423728813,2017-11-07 01:00:00
146,515902.36666666664,2017-11-07 02:00:00
147,494173.85,2017-11-07 03:00:00
148,503575.06666666665,2017-11-07 04:00:00
149,481593.16949152545,2017-11-07 05:00:00
150,435238.26666666666,2017-11-07 06:00:00
151,469079.06666666665,2017-11-07 07:00:00
152,517931.9,2017-11-07 08:00:00
153,637021.8305084746,2017-11-07 09:00:00
154,785330.9666666667,2017-11-07 10:00:00
155,799742.7,2017-11-07 11:00:00
156,870984.2333333333,2017-11-07 12:00:00
157,784174.2711864407,2017-11-07 13:00:00
158,753996.1833333333,2017-11-07 14:00:00
159,805361.2166666667,2017-11-07 15:00:00
160,805520.3166666667,2017-11-07 16:00:00
161,840826.8983050848,2017-11-07 17:00:00
162,762492.1666666666,2017-11-07 18:00:00
163,720923.7666666667,2017-11-07 19:00:00
164,680891.2333333333,2017-11-07 20:00:00
165,673574.1355932204,2017-11-07 21:00:00
166,663039.55,2017-11-07 22:00:00
167,599506.7166666667,2017-11-07 23:00:00
168,559891.2,2017-11-08 00:00:00
169,542650.6610169491,2017-11-08 01:00:00
170,522499.5333333333,2017-11-08 02:00:00
171,508343.56666666665,2017-11-08 03:00:00
172,526333.5333333333,2017-11-08 04:00:00
173,518125.4745762712,2017-11-08 05:00:00
174,442801.88333333336,2017-11-08 06:00:00
175,472794.3333333333,2017-11-08 07:00:00
176,563665.55,2017-11-08 08:00:00
177,679585.8305084746,2017-11-08 09:00:00
178,806163.5166666667,2017-11-08 10:00:00
179,761112.25,2017-11-08 11:00:00
180,760569.4833333333,2017-11-08 12:00:00
181,739488.2711864407,2017-11-08 13:00:00
182,756356.7666666667,2017-11-08 14:00:00
183,778929.9166666666,2017-11-08 15:00:00
184,764751.9166666666,2017-11-08 16:00:00
185,780976.4745762711,2017-11-08 17:00:00
186,711788.95,2017-11-08 18:00:00
187,666925.2666666667,2017-11-08 19:00:00
188,632762.1,2017-11-08 20:00:00
189,614950.2372881356,2017-11-08 21:00:00
190,589366.3,2017-11-08 22:00:00
191,556960.4166666666,2017-11-08 23:00:00
192,525602.1166666667,2017-11-09 00:00:00
193,510927.0169491525,2017-11-09 01:00:00
194,492179.05,2017-11-09 02:00:00
195,476778.9166666667,2017-11-09 03:00:00
196,488008.51666666666,2017-11-09 04:00:00
197,497413.0677966102,2017-11-09 05:00:00
198,416052.0833333333,2017-11-09 06:00:00
199,449590.3333333333,2017-11-09 07:00:00
200,537788.9833333333,2017-11-09 08:00:00
201,637598.5762711865,2017-11-09 09:00:00
202,745307.85,2017-11-09 10:00:00
203,720144.5166666667,2017-11-09 11:00:00
204,732958.5333333333,2017-11-09 12:00:00
205,735889.6440677966,2017-11-09 13:00:00
206,765438.9,2017-11-09 14:00:00
207,785632.9166666666,2017-11-09 15:00:00
208,747769.5666666667,2017-11-09 16:00:00
209,726955.5593220339,2017-11-09 17:00:00
210,719360.4666666667,2017-11-09 18:00:00
211,680675.3,2017-11-09 19:00:00
212,636968.95,2017-11-09 20:00:00
213,623330.5762711865,2017-11-09 21:00:00
214,625691.7833333333,2017-11-09 22:00:00
215,542073.95,2017-11-09 23:00:00
216,525252.5166666667,2017-11-10 00:00:00
217,507957.9661016949,2017-11-10 01:00:00
218,490132.36666666664,2017-11-10 02:00:00
219,475468.5,2017-11-10 03:00:00
220,484265.25,2017-11-10 04:00:00
221,462946.13559322036,2017-11-10 05:00:00
222,408806.01666666666,2017-11-10 06:00:00
223,453601.9166666667,2017-11-10 07:00:00
224,500258.8333333333,2017-11-10 08:00:00
225,614729.1355932204,2017-11-10 09:00:00
226,755680.1666666666,2017-11-10 10:00:00
227,740592.1333333333,2017-11-10 11:00:00
228,734531.9016393443,2017-11-10 12:00:00
229,659659.7307692308,2017-11-10 13:00:00
230,715164.4666666667,2017-11-10 14:00:00
231,757893.4666666667,2017-11-10 15:00:00
232,702952.85,2017-11-10 16:00:00
233,733649.2033898305,2017-11-10 17:00:00
234,699890.0666666667,2017-11-10 18:00:00
235,655841.1166666667,2017-11-10 19:00:00
236,641066.3833333333,2017-11-10 20:00:00
237,634523.9322033898,2017-11-10 21:00:00
238,638424.1333333333,2017-11-10 22:00:00
239,559730.05,2017-11-10 23:00:00
240,538513.0166666667,2017-11-11 00:00:00
241,524024.42372881353,2017-11-11 01:00:00
242,509180.4166666667,2017-11-11 02:00:00
243,495587.8,2017-11-11 03:00:00
244,519280.3333333333,2017-11-11 04:00:00
245,511837.9411764706,2017-11-11 05:00:00
246,428544.8043478261,2017-11-11 06:00:00
247,453972.31666666665,2017-11-11 07:00:00
248,528071.2,2017-11-11 08:00:00
249,615458.1833333333,2017-11-11 09:00:00
250,585791.7894736842,2017-11-11 10:00:00
251,630715.5,2017-11-11 11:00:00
252,623333.9666666667,2017-11-11 12:00:00
253,610522.3666666667,2017-11-11 13:00:00
254,567202.3389830509,2017-11-11 14:00:00
255,583646.0666666667,2017-11-11 15:00:00
256,559301.6,2017-11-11 16:00:00
257,652661.7166666667,2017-11-11 17:00:00
258,657403.6779661017,2017-11-11 18:00:00
259,626084.9333333333,2017-11-11 19:00:00
260,606712.8333333334,2017-11-11 20:00:00
261,603988.2,2017-11-11 21:00:00
262,599665.25,2017-11-11 22:00:00
263,538653.966101695,2017-11-11 23:00:00
264,512910.6,2017-11-12 00:00:00
265,496231.6,2017-11-12 01:00:00
266,483997.1,2017-11-12 02:00:00
267,462891.3728813559,2017-11-12 03:00:00
268,490708.88333333336,2017-11-12 04:00:00
269,476107.23333333334,2017-11-12 05:00:00
270,373217.3980582524,2017-11-12 06:00:00
271,417980.4905660377,2017-11-12 07:00:00
272,481819.5,2017-11-12 08:00:00
273,483718.3333333333,2017-11-12 09:00:00
274,512360.23333333334,2017-11-12 10:00:00
275,519203.68333333335,2017-11-12 11:00:00
276,608680.65,2017-11-12 12:00:00
277,580264.9322033898,2017-11-12 13:00:00
278,497683.95,2017-11-12 14:00:00
279,502655.43333333335,2017-11-12 15:00:00
280,515772.1666666667,2017-11-12 16:00:00
281,619893.4576271187,2017-11-12 17:00:00
282,607164.4666666667,2017-11-12 18:00:00
283,606759.5,2017-11-12 19:00:00
284,559947.3333333334,2017-11-12 20:00:00
285,577119.4406779661,2017-11-12 21:00:00
286,593974.4166666666,2017-11-12 22:00:00
287,524895.9333333333,2017-11-12 23:00:00
288,504186.61666666664,2017-11-13 00:00:00
289,487342.6440677966,2017-11-13 01:00:00
290,473058.18333333335,2017-11-13 02:00:00
291,463208.2833333333,2017-11-13 03:00:00
292,467336.9666666667,2017-11-13 04:00:00
293,486421.1525423729,2017-11-13 05:00:00
294,397614.9,2017-11-13 06:00:00
295,412349.01666666666,2017-11-13 07:00:00
296,496920.8333333333,2017-11-13 08:00:00
297,609954.0508474576,2017-11-13 09:00:00
298,694834.15,2017-11-13 10:00:00
299,687947.0666666667,2017-11-13 11:00:00
300,705198.75,2017-11-13 12:00:00
301,684323.779661017,2017-11-13 13:00:00
302,635060.0666666667,2017-11-13 14:00:00
303,723557.85,2017-11-13 15:00:00
304,663794.95,2017-11-13 16:00:00
305,692084.7627118644,2017-11-13 17:00:00
306,691016.5,2017-11-13 18:00:00
307,665018.2,2017-11-13 19:00:00
308,622343.2,2017-11-13 20:00:00
309,629200.3728813559,2017-11-13 21:00:00
310,612279.4,2017-11-13 22:00:00
311,556870.9166666666,2017-11-13 23:00:00
312,528781.1333333333,2017-11-14 00:00:00
313,512251.0169491525,2017-11-14 01:00:00
314,489291.68333333335,2017-11-14 02:00:00
315,474513.48333333334,2017-11-14 03:00:00
316,494114.6,2017-11-14 04:00:00
317,500492.2033898305,2017-11-14 05:00:00
318,394199.2166666667,2017-11-14 06:00:00
319,431753.2,2017-11-14 07:00:00
320,512865.8333333333,2017-11-14 08:00:00
321,613122.6440677966,2017-11-14 09:00:00
322,671077.3833333333,2017-11-14 10:00:00
323,680988.0333333333,2017-11-14 11:00:00
324,673975.15,2017-11-14 12:00:00
325,400014.0508474576,2017-11-14 13:00:00
326,193212.91666666666,2017-11-14 14:00:00
327,189394.98333333334,2017-11-14 15:00:00
328,171158.03333333333,2017-11-14 16:00:00
329,268607.6101694915,2017-11-14 17:00:00
330,293369.2166666667,2017-11-14 18:00:00
331,283890.1666666667,2017-11-14 19:00:00
332,289313.7833333333,2017-11-14 20:00:00
333,327514.7966101695,2017-11-14 21:00:00
334,308020.56666666665,2017-11-14 22:00:00
335,239714.28333333333,2017-11-14 23:00:00
336,228372.71666666667,2017-11-15 00:00:00
337,215500.2372881356,2017-11-15 01:00:00
338,203863.16666666666,2017-11-15 02:00:00
339,191401.16666666666,2017-11-15 03:00:00
340,207243.65,2017-11-15 04:00:00
341,234036.01694915254,2017-11-15 05:00:00
342,179033.6,2017-11-15 06:00:00
343,193838.2,2017-11-15 07:00:00
344,239740.36666666667,2017-11-15 08:00:00
345,250623.54237288135,2017-11-15 09:00:00
346,228777.61666666667,2017-11-15 10:00:00
347,199344.28333333333,2017-11-15 11:00:00
348,208596.95,2017-11-15 12:00:00
349,230917.57627118644,2017-11-15 13:00:00
350,220797.01666666666,2017-11-15 14:00:00
351,183348.56666666668,2017-11-15 15:00:00
352,185539.45,2017-11-15 16:00:00
353,276161.3220338983,2017-11-15 17:00:00
354,286299.2833333333,2017-11-15 18:00:00
355,285515.85,2017-11-15 19:00:00
356,287455.48333333334,2017-11-15 20:00:00
357,292520.6271186441,2017-11-15 21:00:00
358,298755.45,2017-11-15 22:00:00
359,245419.76666666666,2017-11-15 23:00:00
360,220218.18333333332,2017-11-16 00:00:00
361,206644.06779661018,2017-11-16 01:00:00
362,199467.91666666666,2017-11-16 02:00:00
363,192573.28333333333,2017-11-16 03:00:00
364,212992.35,2017-11-16 04:00:00
365,210635.49152542374,2017-11-16 05:00:00
366,169295.81666666668,2017-11-16 06:00:00
367,191717.41666666666,2017-11-16 07:00:00
368,249524.6,2017-11-16 08:00:00
369,253317.30508474575,2017-11-16 09:00:00
370,240188.15,2017-11-16 10:00:00
371,204679.3,2017-11-16 11:00:00
372,227387.71666666667,2017-11-16 12:00:00
373,231957.45762711865,2017-11-16 13:00:00
374,222804.41666666666,2017-11-16 14:00:00
375,178100.51666666666,2017-11-16 15:00:00
376,175500.8,2017-11-16 16:00:00
377,253824.84745762713,2017-11-16 17:00:00
378,283158.45,2017-11-16 18:00:00
379,310010.25,2017-11-16 19:00:00
380,299344.48333333334,2017-11-16 20:00:00
381,313537.4745762712,2017-11-16 21:00:00
382,292437.86666666664,2017-11-16 22:00:00
383,264515.86666666664,2017-11-16 23:00:00
384,247678.36666666667,2017-11-17 00:00:00
385,206486.81355932204,2017-11-17 01:00:00
386,196918.13333333333,2017-11-17 02:00:00
387,188275.81666666668,2017-11-17 03:00:00
388,209847.8,2017-11-17 04:00:00
389,213838.74576271186,2017-11-17 05:00:00
390,165141.88333333333,2017-11-17 06:00:00
391,9307.327586206897,2017-11-17 07:00:00
392,1.4999699999999987e-14,2017-11-17 08:00:00
393,1.4999699999999987e-14,2017-11-17 09:00:00
394,1.4999699999999987e-14,2017-11-17 10:00:00
395,250420.57692307694,2017-11-17 11:00:00
396,718884.2,2017-11-17 12:00:00
397,701267.4833333333,2017-11-17 13:00:00
398,641226.7551020408,2017-11-17 14:00:00
399,676952.6833333333,2017-11-17 15:00:00
400,682942.4333333333,2017-11-17 16:00:00
401,711374.3833333333,2017-11-17 17:00:00
402,660391.5423728813,2017-11-17 18:00:00
403,641984.9166666666,2017-11-17 19:00:00
404,616807.6833333333,2017-11-17 20:00:00
405,649238.0666666667,2017-11-17 21:00:00
406,603579.2711864407,2017-11-17 22:00:00
407,543967.4833333333,2017-11-17 23:00:00
408,519599.55,2017-11-18 00:00:00
409,499714.0833333333,2017-11-18 01:00:00
410,488976.83050847455,2017-11-18 02:00:00
411,477458.6,2017-11-18 03:00:00
412,493823.51666666666,2017-11-18 04:00:00
413,470404.7833333333,2017-11-18 05:00:00
414,394924.30508474575,2017-11-18 06:00:00
415,412366.2,2017-11-18 07:00:00
416,492553.38333333336,2017-11-18 08:00:00
417,566810.4166666666,2017-11-18 09:00:00
418,622573.9830508474,2017-11-18 10:00:00
419,574626.6166666667,2017-11-18 11:00:00
420,584280.1,2017-11-18 12:00:00
421,614215.2333333333,2017-11-18 13:00:00
422,576208.4745762711,2017-11-18 14:00:00
423,559909.3,2017-11-18 15:00:00
424,564467.8833333333,2017-11-18 16:00:00
425,606414.2166666667,2017-11-18 17:00:00
426,642515.0677966102,2017-11-18 18:00:00
427,617137.6833333333,2017-11-18 19:00:00
428,586767.6666666666,2017-11-18 20:00:00
429,600074.05,2017-11-18 21:00:00
430,591479.4237288135,2017-11-18 22:00:00
431,532255.0666666667,2017-11-18 23:00:00
432,506977.85,2017-11-19 00:00:00
433,491929.01666666666,2017-11-19 01:00:00
434,480686.6440677966,2017-11-19 02:00:00
435,467000.9666666667,2017-11-19 03:00:00
436,491775.23333333334,2017-11-19 04:00:00
437,492677.56666666665,2017-11-19 05:00:00
438,382048.6101694915,2017-11-19 06:00:00
439,402170.85,2017-11-19 07:00:00
440,437224.5,2017-11-19 08:00:00
441,489167.1666666667,2017-11-19 09:00:00
442,533366.813559322,2017-11-19 10:00:00
443,539183.6,2017-11-19 11:00:00
444,547963.4833333333,2017-11-19 12:00:00
445,517795.56666666665,2017-11-19 13:00:00
446,486003.22033898305,2017-11-19 14:00:00
447,479687.31666666665,2017-11-19 15:00:00
448,496343.2166666667,2017-11-19 16:00:00
449,582435.9333333333,2017-11-19 17:00:00
450,590423.406779661,2017-11-19 18:00:00
451,595542.7666666667,2017-11-19 19:00:00
452,574844.6166666667,2017-11-19 20:00:00
453,568536.0833333334,2017-11-19 21:00:00
454,557253.0847457628,2017-11-19 22:00:00
455,491904.93333333335,2017-11-19 23:00:00
456,477077.8,2017-11-20 00:00:00
457,457754.5333333333,2017-11-20 01:00:00
458,441589.71186440677,2017-11-20 02:00:00
459,431175.7166666667,2017-11-20 03:00:00
460,455637.7833333333,2017-11-20 04:00:00
461,439682.25,2017-11-20 05:00:00
462,371276.74576271186,2017-11-20 06:00:00
463,409537.55,2017-11-20 07:00:00
464,473451.88333333336,2017-11-20 08:00:00
465,539585.9666666667,2017-11-20 09:00:00
466,588226.7457627119,2017-11-20 10:00:00
467,656341.6833333333,2017-11-20 11:00:00
468,659157.1833333333,2017-11-20 12:00:00
469,644466.2666666667,2017-11-20 13:00:00
470,600711.3389830509,2017-11-20 14:00:00
471,594914.3,2017-11-20 15:00:00
472,601288.6833333333,2017-11-20 16:00:00
473,644173.65,2017-11-20 17:00:00
474,618788.9322033898,2017-11-20 18:00:00
475,605074.5,2017-11-20 19:00:00
476,585212.4333333333,2017-11-20 20:00:00
477,593341.9333333333,2017-11-20 21:00:00
478,584270.3898305085,2017-11-20 22:00:00
479,525625.5833333334,2017-11-20 23:00:00
480,493226.1666666667,2017-11-21 00:00:00
481,479145.9666666667,2017-11-21 01:00:00
482,473708.8813559322,2017-11-21 02:00:00
483,456600.0,2017-11-21 03:00:00
484,468687.76666666666,2017-11-21 04:00:00
485,478976.95,2017-11-21 05:00:00
486,376797.18644067796,2017-11-21 06:00:00
487,415815.5333333333,2017-11-21 07:00:00
488,493424.88333333336,2017-11-21 08:00:00
489,574609.1166666667,2017-11-21 09:00:00
490,586006.6610169491,2017-11-21 10:00:00
491,577822.55,2017-11-21 11:00:00
492,578688.3833333333,2017-11-21 12:00:00
493,544324.1333333333,2017-11-21 13:00:00
494,562424.813559322,2017-11-21 14:00:00
495,559771.2,2017-11-21 15:00:00
496,532523.0,2017-11-21 16:00:00
497,609968.45,2017-11-21 17:00:00
498,640199.779661017,2017-11-21 18:00:00
499,594841.1333333333,2017-11-21 19:00:00
500,572169.7666666667,2017-11-21 20:00:00
501,573090.3833333333,2017-11-21 21:00:00
502,571928.7833333333,2017-11-21 22:00:00
503,519618.3898305085,2017-11-21 23:00:00
504,478686.35,2017-11-22 00:00:00
505,456907.1666666667,2017-11-22 01:00:00
506,442447.3333333333,2017-11-22 02:00:00
507,435649.6271186441,2017-11-22 03:00:00
508,450835.4,2017-11-22 04:00:00
509,462241.9,2017-11-22 05:00:00
510,381279.45,2017-11-22 06:00:00
511,406383.10169491527,2017-11-22 07:00:00
512,479675.3333333333,2017-11-22 08:00:00
513,532990.0666666667,2017-11-22 09:00:00
514,552220.8666666667,2017-11-22 10:00:00
515,556693.2881355932,2017-11-22 11:00:00
516,583599.4333333333,2017-11-22 12:00:00
517,568638.1166666667,2017-11-22 13:00:00
518,567858.45,2017-11-22 14:00:00
519,555345.186440678,2017-11-22 15:00:00
520,559408.1333333333,2017-11-22 16:00:00
521,643787.4666666667,2017-11-22 17:00:00
522,606183.0333333333,2017-11-22 18:00:00
523,605603.6271186441,2017-11-22 19:00:00
524,588711.05,2017-11-22 20:00:00
525,591466.2166666667,2017-11-22 21:00:00
526,561140.1333333333,2017-11-22 22:00:00
527,515936.3559322034,2017-11-22 23:00:00
528,497712.15,2017-11-23 00:00:00
529,489431.43333333335,2017-11-23 01:00:00
530,457165.81666666665,2017-11-23 02:00:00
531,442500.83050847455,2017-11-23 03:00:00
532,471700.73333333334,2017-11-23 04:00:00
533,476376.06666666665,2017-11-23 05:00:00
534,391452.93333333335,2017-11-23 06:00:00
535,423681.86440677964,2017-11-23 07:00:00
536,474219.86666666664,2017-11-23 08:00:00
537,529349.8666666667,2017-11-23 09:00:00
538,577491.9333333333,2017-11-23 10:00:00
539,550300.6949152543,2017-11-23 11:00:00
540,545426.0,2017-11-23 12:00:00
541,565378.4833333333,2017-11-23 13:00:00
542,528674.0333333333,2017-11-23 14:00:00
543,546130.1016949152,2017-11-23 15:00:00
544,561596.1166666667,2017-11-23 16:00:00
545,628530.85,2017-11-23 17:00:00
546,617950.6333333333,2017-11-23 18:00:00
547,608921.0,2017-11-23 19:00:00
548,570958.4333333333,2017-11-23 20:00:00
549,562709.5166666667,2017-11-23 21:00:00
550,582771.35,2017-11-23 22:00:00
551,510317.4576271186,2017-11-23 23:00:00
552,485528.4,2017-11-24 00:00:00
553,462376.43333333335,2017-11-24 01:00:00
554,441186.75,2017-11-24 02:00:00
555,433025.8813559322,2017-11-24 03:00:00
556,426199.68333333335,2017-11-24 04:00:00
557,446387.56666666665,2017-11-24 05:00:00
558,377234.43333333335,2017-11-24 06:00:00
559,402546.6101694915,2017-11-24 07:00:00
560,472549.13333333336,2017-11-24 08:00:00
561,503419.48333333334,2017-11-24 09:00:00
562,586006.3,2017-11-24 10:00:00
563,560611.6610169491,2017-11-24 11:00:00
564,560985.5333333333,2017-11-24 12:00:00
565,558702.4,2017-11-24 13:00:00
566,532252.2333333333,2017-11-24 14:00:00
567,580055.7457627119,2017-11-24 15:00:00
568,525527.55,2017-11-24 16:00:00
569,615691.2833333333,2017-11-24 17:00:00
570,608912.8,2017-11-24 18:00:00
571,601970.966101695,2017-11-24 19:00:00
572,587488.6166666667,2017-11-24 20:00:00
573,604141.9666666667,2017-11-24 21:00:00
574,582951.5333333333,2017-11-24 22:00:00
575,522932.6779661017,2017-11-24 23:00:00
576,493569.98333333334,2017-11-25 00:00:00
577,464034.5333333333,2017-11-25 01:00:00
578,460052.01666666666,2017-11-25 02:00:00
579,451089.7966101695,2017-11-25 03:00:00
580,469857.2833333333,2017-11-25 04:00:00
581,456727.81666666665,2017-11-25 05:00:00
582,372099.1666666667,2017-11-25 06:00:00
583,380695.3559322034,2017-11-25 07:00:00
584,438268.65,2017-11-25 08:00:00
585,476619.6666666667,2017-11-25 09:00:00
586,495811.9666666667,2017-11-25 10:00:00
587,515562.1525423729,2017-11-25 11:00:00
588,506619.8333333333,2017-11-25 12:00:00
589,496984.5,2017-11-25 13:00:00
590,470986.01666666666,2017-11-25 14:00:00
591,470666.4406779661,2017-11-25 15:00:00
592,486773.5333333333,2017-11-25 16:00:00
593,550730.5666666667,2017-11-25 17:00:00
594,596594.5333333333,2017-11-25 18:00:00
595,578371.0847457628,2017-11-25 19:00:00
596,568771.7166666667,2017-11-25 20:00:00
597,566391.8166666667,2017-11-25 21:00:00
598,548885.9666666667,2017-11-25 22:00:00
599,514074.42372881353,2017-11-25 23:00:00
600,486291.38333333336,2017-11-26 00:00:00
601,475843.4166666667,2017-11-26 01:00:00
602,458540.0833333333,2017-11-26 02:00:00
603,446573.72881355934,2017-11-26 03:00:00
604,463955.5833333333,2017-11-26 04:00:00
605,446943.11666666664,2017-11-26 05:00:00
606,377333.26666666666,2017-11-26 06:00:00
607,366336.3220338983,2017-11-26 07:00:00
608,409469.23333333334,2017-11-26 08:00:00
609,440990.25,2017-11-26 09:00:00
610,469403.9166666667,2017-11-26 10:00:00
611,480749.74576271186,2017-11-26 11:00:00
612,498367.51666666666,2017-11-26 12:00:00
613,490301.65,2017-11-26 13:00:00
614,435140.31666666665,2017-11-26 14:00:00
615,426866.7966101695,2017-11-26 15:00:00
616,431402.3333333333,2017-11-26 16:00:00
617,552853.85,2017-11-26 17:00:00
618,569959.7833333333,2017-11-26 18:00:00
619,553448.76,2017-11-26 19:00:00
620,531630.3666666667,2017-11-26 20:00:00
621,529584.2,2017-11-26 21:00:00
622,569476.5333333333,2017-11-26 22:00:00
623,501586.2448979592,2017-11-26 23:00:00
624,466407.11666666664,2017-11-27 00:00:00
625,442301.95,2017-11-27 01:00:00
626,443390.8,2017-11-27 02:00:00
627,433484.74576271186,2017-11-27 03:00:00
628,431259.5,2017-11-27 04:00:00
629,427223.48333333334,2017-11-27 05:00:00
630,372020.037037037,2017-11-27 06:00:00
631,392876.2166666667,2017-11-27 07:00:00
632,454196.0833333333,2017-11-27 08:00:00
633,545809.5,2017-11-27 09:00:00
634,570407.5593220339,2017-11-27 10:00:00
635,584107.5666666667,2017-11-27 11:00:00
636,603575.0166666667,2017-11-27 12:00:00
637,573431.0,2017-11-27 13:00:00
638,520267.3728813559,2017-11-27 14:00:00
639,552633.3333333334,2017-11-27 15:00:00
640,567692.25,2017-11-27 16:00:00
641,616216.7,2017-11-27 17:00:00
642,629780.6440677966,2017-11-27 18:00:00
643,607341.1333333333,2017-11-27 19:00:00
644,590269.75,2017-11-27 20:00:00
645,603192.7833333333,2017-11-27 21:00:00
646,593759.5423728813,2017-11-27 22:00:00
647,540272.25,2017-11-27 23:00:00
648,503458.35,2017-11-28 00:00:00
649,477436.48333333334,2017-11-28 01:00:00
650,451114.7966101695,2017-11-28 02:00:00
651,443682.0333333333,2017-11-28 03:00:00
652,467461.95,2017-11-28 04:00:00
653,481421.3,2017-11-28 05:00:00
654,384255.30508474575,2017-11-28 06:00:00
655,415441.8,2017-11-28 07:00:00
656,468043.48333333334,2017-11-28 08:00:00
657,558013.4666666667,2017-11-28 09:00:00
658,592304.7288135593,2017-11-28 10:00:00
659,576555.4333333333,2017-11-28 11:00:00
660,539654.4,2017-11-28 12:00:00
661,555282.55,2017-11-28 13:00:00
662,575519.7627118644,2017-11-28 14:00:00
663,563294.05,2017-11-28 15:00:00
664,547590.95,2017-11-28 16:00:00
665,634964.9666666667,2017-11-28 17:00:00
666,632100.4576271187,2017-11-28 18:00:00
667,604173.6333333333,2017-11-28 19:00:00
668,590339.4833333333,2017-11-28 20:00:00
669,588630.05,2017-11-28 21:00:00
670,565518.1355932204,2017-11-28 22:00:00
671,518916.15,2017-11-28 23:00:00
672,495991.85,2017-11-29 00:00:00
673,474749.5,2017-11-29 01:00:00
674,454395.9322033898,2017-11-29 02:00:00
675,443374.6666666667,2017-11-29 03:00:00
676,447006.05,2017-11-29 04:00:00
677,472596.8333333333,2017-11-29 05:00:00
678,401968.76271186443,2017-11-29 06:00:00
679,437596.2,2017-11-29 07:00:00
680,460165.2833333333,2017-11-29 08:00:00
681,523458.51666666666,2017-11-29 09:00:00
682,589095.9491525424,2017-11-29 10:00:00
683,581675.9666666667,2017-11-29 11:00:00
684,572080.7166666667,2017-11-29 12:00:00
685,552704.9,2017-11-29 13:00:00
686,538508.5762711865,2017-11-29 14:00:00
687,520734.48333333334,2017-11-29 15:00:00
688,554965.3166666667,2017-11-29 16:00:00
689,649082.65,2017-11-29 17:00:00
690,595149.4406779661,2017-11-29 18:00:00
691,593521.7833333333,2017-11-29 19:00:00
692,583751.1666666666,2017-11-29 20:00:00
693,555626.4666666667,2017-11-29 21:00:00
694,586429.9322033898,2017-11-29 22:00:00
695,531467.5833333334,2017-11-29 23:00:00
696,495111.05,2017-11-30 00:00:00
697,478352.06666666665,2017-11-30 01:00:00
698,466265.0847457627,2017-11-30 02:00:00
699,459591.9,2017-11-30 03:00:00
700,482252.93333333335,2017-11-30 04:00:00
701,483031.85,2017-11-30 05:00:00
702,408028.6440677966,2017-11-30 06:00:00
703,417132.9,2017-11-30 07:00:00
704,469960.4666666667,2017-11-30 08:00:00
705,567401.1333333333,2017-11-30 09:00:00
706,577056.7118644068,2017-11-30 10:00:00
707,540260.35,2017-11-30 11:00:00
708,539256.25,2017-11-30 12:00:00
709,556958.8333333334,2017-11-30 13:00:00
710,523265.89830508473,2017-11-30 14:00:00
711,573116.45,2017-11-30 15:00:00
712,528282.4166666666,2017-11-30 16:00:00
713,594559.1666666666,2017-11-30 17:00:00
714,609359.6779661017,2017-11-30 18:00:00
715,604634.9833333333,2017-11-30 19:00:00
716,581556.55,2017-11-30 20:00:00
717,583156.5,2017-11-30 21:00:00
718,584538.7457627119,2017-11-30 22:00:00
719,516707.93333333335,2017-11-30 23:00:00
720,500445.0,2017-12-01 00:00:00
721,487052.18333333335,2017-12-01 01:00:00
722,469527.0508474576,2017-12-01 02:00:00
723,457300.73333333334,2017-12-01 03:00:00
724,462955.35,2017-12-01 04:00:00
725,482875.3333333333,2017-12-01 05:00:00
726,394206.9322033898,2017-12-01 06:00:00
727,404592.7833333333,2017-12-01 07:00:00
728,476109.6,2017-12-01 08:00:00
729,542356.4666666667,2017-12-01 09:00:00
730,599138.2033898305,2017-12-01 10:00:00
731,540250.9,2017-12-01 11:00:00
732,536728.7,2017-12-01 12:00:00
733,532171.2666666667,2017-12-01 13:00:00
734,500053.6779661017,2017-12-01 14:00:00
735,519305.7166666667,2017-12-01 15:00:00
736,549142.85,2017-12-01 16:00:00
737,591541.3333333334,2017-12-01 17:00:00
738,606563.4745762711,2017-12-01 18:00:00
739,600474.65,2017-12-01 19:00:00
740,576374.8833333333,2017-12-01 20:00:00
741,571861.15,2017-12-01 21:00:00
742,578162.8813559322,2017-12-01 22:00:00
743,532225.3333333334,2017-12-01 23:00:00
744,502311.11666666664,2017-12-02 00:00:00
745,487749.38333333336,2017-12-02 01:00:00
746,469776.1525423729,2017-12-02 02:00:00
747,460062.61666666664,2017-12-02 03:00:00
748,477635.18333333335,2017-12-02 04:00:00
749,491429.65,2017-12-02 05:00:00
750,395561.6271186441,2017-12-02 06:00:00
751,381294.98333333334,2017-12-02 07:00:00
752,411996.45,2017-12-02 08:00:00
753,471298.5333333333,2017-12-02 09:00:00
754,501031.76271186443,2017-12-02 10:00:00
755,468743.3333333333,2017-12-02 11:00:00
756,465060.06666666665,2017-12-02 12:00:00
757,473974.15,2017-12-02 13:00:00
758,460514.7966101695,2017-12-02 14:00:00
759,468895.06666666665,2017-12-02 15:00:00
760,470360.6,2017-12-02 16:00:00
761,558203.2,2017-12-02 17:00:00
762,578985.7457627119,2017-12-02 18:00:00
763,550036.45,2017-12-02 19:00:00
764,537391.4666666667,2017-12-02 20:00:00
765,567957.1666666666,2017-12-02 21:00:00
766,572337.6271186441,2017-12-02 22:00:00
767,528782.5,2017-12-02 23:00:00
768,503001.63333333336,2017-12-03 00:00:00
769,480730.3,2017-12-03 01:00:00
770,470197.4915254237,2017-12-03 02:00:00
771,461205.13333333336,2017-12-03 03:00:00
772,467724.93333333335,2017-12-03 04:00:00
773,465688.61666666664,2017-12-03 05:00:00
774,365305.6101694915,2017-12-03 06:00:00
775,367217.63333333336,2017-12-03 07:00:00
776,397587.81666666665,2017-12-03 08:00:00
777,437773.88333333336,2017-12-03 09:00:00
778,472887.8474576271,2017-12-03 10:00:00
779,456125.76666666666,2017-12-03 11:00:00
780,504128.43333333335,2017-12-03 12:00:00
781,475652.7,2017-12-03 13:00:00
782,422385.4406779661,2017-12-03 14:00:00
783,434799.23333333334,2017-12-03 15:00:00
784,428560.5,2017-12-03 16:00:00
785,547478.75,2017-12-03 17:00:00
786,581158.220338983,2017-12-03 18:00:00
787,574479.1333333333,2017-12-03 19:00:00
788,549667.1333333333,2017-12-03 20:00:00
789,553390.7166666667,2017-12-03 21:00:00
790,547748.2881355932,2017-12-03 22:00:00
791,514639.63333333336,2017-12-03 23:00:00
792,478658.56666666665,2017-12-04 00:00:00
793,457539.5333333333,2017-12-04 01:00:00
794,450413.2033898305,2017-12-04 02:00:00
795,444992.4666666667,2017-12-04 03:00:00
796,455067.3,2017-12-04 04:00:00
797,457568.7833333333,2017-12-04 05:00:00
798,410806.4576271186,2017-12-04 06:00:00
799,394021.25,2017-12-04 07:00:00
800,451177.7166666667,2017-12-04 08:00:00
801,521651.13333333336,2017-12-04 09:00:00
802,581187.6779661017,2017-12-04 10:00:00
803,591469.2666666667,2017-12-04 11:00:00
804,522156.98333333334,2017-12-04 12:00:00
805,552981.2,2017-12-04 13:00:00
806,530462.9830508474,2017-12-04 14:00:00
807,545756.7166666667,2017-12-04 15:00:00
808,545077.6833333333,2017-12-04 16:00:00
809,602111.1333333333,2017-12-04 17:00:00
810,590159.3898305085,2017-12-04 18:00:00
811,596145.15,2017-12-04 19:00:00
812,573177.4166666666,2017-12-04 20:00:00
813,577680.8166666667,2017-12-04 21:00:00
814,604646.6440677966,2017-12-04 22:00:00
815,528490.4666666667,2017-12-04 23:00:00
816,501623.05,2017-12-05 00:00:00
817,483948.4,2017-12-05 01:00:00
818,468641.77966101695,2017-12-05 02:00:00
819,461530.4666666667,2017-12-05 03:00:00
820,480938.95,2017-12-05 04:00:00
821,480069.3,2017-12-05 05:00:00
822,399519.6271186441,2017-12-05 06:00:00
823,415249.13333333336,2017-12-05 07:00:00
824,469186.4,2017-12-05 08:00:00
825,524479.8833333333,2017-12-05 09:00:00
826,558890.4833333333,2017-12-05 10:00:00
827,574562.2372881356,2017-12-05 11:00:00
828,579535.85,2017-12-05 12:00:00
829,547369.4666666667,2017-12-05 13:00:00
830,514134.9,2017-12-05 14:00:00
831,541116.9152542372,2017-12-05 15:00:00
832,542164.9666666667,2017-12-05 16:00:00
833,592140.9,2017-12-05 17:00:00
834,598307.4166666666,2017-12-05 18:00:00
835,571303.1186440678,2017-12-05 19:00:00
836,555139.4833333333,2017-12-05 20:00:00
837,571585.7833333333,2017-12-05 21:00:00
838,568287.4666666667,2017-12-05 22:00:00
839,515959.4576271186,2017-12-05 23:00:00
840,488187.38333333336,2017-12-06 00:00:00
841,466997.4166666667,2017-12-06 01:00:00
842,455569.26666666666,2017-12-06 02:00:00
843,448917.0677966102,2017-12-06 03:00:00
844,480933.9166666667,2017-12-06 04:00:00
845,463484.98333333334,2017-12-06 05:00:00
846,372699.9666666667,2017-12-06 06:00:00
847,409348.18644067796,2017-12-06 07:00:00
848,451750.2166666667,2017-12-06 08:00:00
849,519301.31666666665,2017-12-06 09:00:00
850,587952.75,2017-12-06 10:00:00
851,559338.0847457628,2017-12-06 11:00:00
852,578123.8833333333,2017-12-06 12:00:00
853,534089.2333333333,2017-12-06 13:00:00
854,507444.7068965517,2017-12-06 14:00:00
855,575611.6285714286,2017-12-06 15:00:00
856,570200.9,2017-12-06 16:00:00
857,606595.8,2017-12-06 17:00:00
858,616803.0666666667,2017-12-06 18:00:00
859,580641.7966101695,2017-12-06 19:00:00
860,550943.5666666667,2017-12-06 20:00:00
861,566331.5666666667,2017-12-06 21:00:00
862,558729.8,2017-12-06 22:00:00
863,534619.8813559322,2017-12-06 23:00:00
864,509093.3559322034,2017-12-07 00:00:00
865,479616.4166666667,2017-12-07 01:00:00
866,469717.45,2017-12-07 02:00:00
867,461295.13559322036,2017-12-07 03:00:00
868,473076.0833333333,2017-12-07 04:00:00
869,465342.0333333333,2017-12-07 05:00:00
870,401160.1,2017-12-07 06:00:00
871,414401.593220339,2017-12-07 07:00:00
872,468272.4666666667,2017-12-07 08:00:00
873,558836.85,2017-12-07 09:00:00
874,540971.0166666667,2017-12-07 10:00:00
875,532553.4576271187,2017-12-07 11:00:00
876,547822.1166666667,2017-12-07 12:00:00
877,540255.1166666667,2017-12-07 13:00:00
878,518641.98333333334,2017-12-07 14:00:00
879,585739.4406779661,2017-12-07 15:00:00
880,556200.55,2017-12-07 16:00:00
881,607408.8833333333,2017-12-07 17:00:00
882,616866.2833333333,2017-12-07 18:00:00
883,575765.5084745763,2017-12-07 19:00:00
884,550280.2833333333,2017-12-07 20:00:00
885,587406.25,2017-12-07 21:00:00
886,588558.7666666667,2017-12-07 22:00:00
887,532458.6610169491,2017-12-07 23:00:00
888,497926.25423728814,2017-12-08 00:00:00
889,487017.86666666664,2017-12-08 01:00:00
890,470235.86666666664,2017-12-08 02:00:00
891,462241.406779661,2017-12-08 03:00:00
892,479591.0,2017-12-08 04:00:00
893,510500.7,2017-12-08 05:00:00
894,418260.0,2017-12-08 06:00:00
895,427466.7966101695,2017-12-08 07:00:00
896,482022.1,2017-12-08 08:00:00
897,570990.1666666666,2017-12-08 09:00:00
898,592146.8833333333,2017-12-08 10:00:00
899,564984.2372881356,2017-12-08 11:00:00
900,566735.0,2017-12-08 12:00:00
901,571903.5166666667,2017-12-08 13:00:00
902,588851.1,2017-12-08 14:00:00
903,567127.6101694915,2017-12-08 15:00:00
904,558499.8666666667,2017-12-08 16:00:00
905,601288.0333333333,2017-12-08 17:00:00
906,603560.8333333334,2017-12-08 18:00:00
907,603782.7627118644,2017-12-08 19:00:00
908,583130.0166666667,2017-12-08 20:00:00
909,582309.6833333333,2017-12-08 21:00:00
910,558531.85,2017-12-08 22:00:00
911,518548.28813559323,2017-12-08 23:00:00
912,503694.0,2017-12-09 00:00:00
913,485965.7,2017-12-09 01:00:00
914,474704.8,2017-12-09 02:00:00
915,464257.89830508473,2017-12-09 03:00:00
916,465057.01666666666,2017-12-09 04:00:00
917,454833.1,2017-12-09 05:00:00
918,400478.23333333334,2017-12-09 06:00:00
919,398615.1525423729,2017-12-09 07:00:00
920,432271.68333333335,2017-12-09 08:00:00
921,472499.75,2017-12-09 09:00:00
922,516020.5,2017-12-09 10:00:00
923,466684.42372881353,2017-12-09 11:00:00
924,506620.06666666665,2017-12-09 12:00:00
925,483465.4166666667,2017-12-09 13:00:00
926,524312.8666666667,2017-12-09 14:00:00
927,433586.6440677966,2017-12-09 15:00:00
928,434086.9666666667,2017-12-09 16:00:00
929,534622.3666666667,2017-12-09 17:00:00
930,581350.1833333333,2017-12-09 18:00:00
931,564285.1525423729,2017-12-09 19:00:00
932,554250.4166666666,2017-12-09 20:00:00
933,554247.9,2017-12-09 21:00:00
934,570586.7666666667,2017-12-09 22:00:00
935,526384.0169491526,2017-12-09 23:00:00
936,495785.1186440678,2017-12-10 00:00:00
937,484324.13333333336,2017-12-10 01:00:00
938,472065.7166666667,2017-12-10 02:00:00
939,461207.9491525424,2017-12-10 03:00:00
940,486158.3333333333,2017-12-10 04:00:00
941,477331.65,2017-12-10 05:00:00
942,349275.0,2017-12-10 06:00:00
943,361558.98333333334,2017-12-10 07:00:00
944,387286.7833333333,2017-12-10 08:00:00
945,414592.98333333334,2017-12-10 09:00:00
946,437412.33898305084,2017-12-10 10:00:00
947,477417.88333333336,2017-12-10 11:00:00
948,495483.5,2017-12-10 12:00:00
949,554595.04,2017-12-10 13:00:00
950,462376.18333333335,2017-12-10 14:00:00
951,429030.18333333335,2017-12-10 15:00:00
952,414522.5,2017-12-10 16:00:00
953,529517.9830508474,2017-12-10 17:00:00
954,545548.3,2017-12-10 18:00:00
955,549141.5333333333,2017-12-10 19:00:00
956,524609.35,2017-12-10 20:00:00
957,535715.9491525424,2017-12-10 21:00:00
958,526397.3833333333,2017-12-10 22:00:00
959,495947.81666666665,2017-12-10 23:00:00
960,470781.2033898305,2017-12-11 00:00:00
961,462992.4915254237,2017-12-11 01:00:00
962,456594.6666666667,2017-12-11 02:00:00
963,446775.2,2017-12-11 03:00:00
964,464449.9666666667,2017-12-11 04:00:00
965,482731.18644067796,2017-12-11 05:00:00
966,384397.55,2017-12-11 06:00:00
967,411355.2833333333,2017-12-11 07:00:00
968,455215.51666666666,2017-12-11 08:00:00
969,503976.74576271186,2017-12-11 09:00:00
970,592455.25,2017-12-11 10:00:00
971,557369.7166666667,2017-12-11 11:00:00
972,568012.9333333333,2017-12-11 12:00:00
973,520907.0847457627,2017-12-11 13:00:00
974,510593.88333333336,2017-12-11 14:00:00
975,515595.36666666664,2017-12-11 15:00:00
976,531348.4,2017-12-11 16:00:00
977,580238.7288135593,2017-12-11 17:00:00
978,584207.8,2017-12-11 18:00:00
979,574615.8666666667,2017-12-11 19:00:00
980,557340.7,2017-12-11 20:00:00
981,568737.2542372881,2017-12-11 21:00:00
982,558237.2666666667,2017-12-11 22:00:00
983,502367.0333333333,2017-12-11 23:00:00
984,485119.593220339,2017-12-12 00:00:00
985,474001.0,2017-12-12 01:00:00
986,454705.15,2017-12-12 02:00:00
987,443134.2,2017-12-12 03:00:00
988,457922.7833333333,2017-12-12 04:00:00
989,464543.57627118647,2017-12-12 05:00:00
990,371773.81666666665,2017-12-12 06:00:00
991,384112.38333333336,2017-12-12 07:00:00
992,476635.13333333336,2017-12-12 08:00:00
993,548780.4237288135,2017-12-12 09:00:00
994,544210.3333333334,2017-12-12 10:00:00
995,541079.8,2017-12-12 11:00:00
996,560693.4666666667,2017-12-12 12:00:00
997,537697.3559322034,2017-12-12 13:00:00
998,561391.9,2017-12-12 14:00:00
999,541234.7833333333,2017-12-12 15:00:00
1000,515550.7166666667,2017-12-12 16:00:00
1001,594625.813559322,2017-12-12 17:00:00
1002,592068.7833333333,2017-12-12 18:00:00
1003,554963.3,2017-12-12 19:00:00
1004,531798.9333333333,2017-12-12 20:00:00
1005,540955.6101694915,2017-12-12 21:00:00
1006,537210.8833333333,2017-12-12 22:00:00
1007,485510.01666666666,2017-12-12 23:00:00
1008,474664.0847457627,2017-12-13 00:00:00
1009,463448.593220339,2017-12-13 01:00:00
1010,451042.0,2017-12-13 02:00:00
1011,446684.6,2017-12-13 03:00:00
1012,466122.7166666667,2017-12-13 04:00:00
1013,464146.27118644066,2017-12-13 05:00:00
1014,370377.6666666667,2017-12-13 06:00:00
1015,369754.86666666664,2017-12-13 07:00:00
1016,428461.81666666665,2017-12-13 08:00:00
1017,525011.7966101695,2017-12-13 09:00:00
1018,558293.5333333333,2017-12-13 10:00:00
1019,535630.7333333333,2017-12-13 11:00:00
1020,518084.65,2017-12-13 12:00:00
1021,484948.9830508475,2017-12-13 13:00:00
1022,522816.4,2017-12-13 14:00:00
1023,519965.55,2017-12-13 15:00:00
1024,521837.67307692306,2017-12-13 16:00:00
1025,563931.75,2017-12-13 17:00:00
1026,578887.7833333333,2017-12-13 18:00:00
1027,550005.1333333333,2017-12-13 19:00:00
1028,539956.0847457628,2017-12-13 20:00:00
1029,513108.6666666667,2017-12-13 21:00:00
1030,511492.01666666666,2017-12-13 22:00:00
1031,466804.85,2017-12-13 23:00:00
1032,452055.9655172414,2017-12-14 00:00:00
1033,434721.7,2017-12-14 01:00:00
1034,423620.26666666666,2017-12-14 02:00:00
1035,417928.36666666664,2017-12-14 03:00:00
1036,429884.3898305085,2017-12-14 04:00:00
1037,441538.05,2017-12-14 05:00:00
1038,366613.88333333336,2017-12-14 06:00:00
1039,375100.4666666667,2017-12-14 07:00:00
1040,422490.3898305085,2017-12-14 08:00:00
1041,499331.7833333333,2017-12-14 09:00:00
1042,532823.75,2017-12-14 10:00:00
1043,500229.1666666667,2017-12-14 11:00:00
1044,487615.3898305085,2017-12-14 12:00:00
1045,507597.95,2017-12-14 13:00:00
1046,516703.5,2017-12-14 14:00:00
1047,556709.8666666667,2017-12-14 15:00:00
1048,483569.0169491525,2017-12-14 16:00:00
1049,573471.95,2017-12-14 17:00:00
1050,566432.7,2017-12-14 18:00:00
1051,542368.1166666667,2017-12-14 19:00:00
1052,532830.0,2017-12-14 20:00:00
1053,520887.6666666667,2017-12-14 21:00:00
1054,523707.26666666666,2017-12-14 22:00:00
1055,473132.11666666664,2017-12-14 23:00:00
1056,452666.4406779661,2017-12-15 00:00:00
1057,441004.3898305085,2017-12-15 01:00:00
1058,439061.0333333333,2017-12-15 02:00:00
1059,424289.75,2017-12-15 03:00:00
1060,419291.3333333333,2017-12-15 04:00:00
1061,462706.5084745763,2017-12-15 05:00:00
1062,375792.13333333336,2017-12-15 06:00:00
1063,374114.3333333333,2017-12-15 07:00:00
1064,426363.73333333334,2017-12-15 08:00:00
1065,515458.42372881353,2017-12-15 09:00:00
1066,523507.7166666667,2017-12-15 10:00:00
1067,536001.7833333333,2017-12-15 11:00:00
1068,517082.93333333335,2017-12-15 12:00:00
1069,483616.3220338983,2017-12-15 13:00:00
1070,459190.6666666667,2017-12-15 14:00:00
1071,465220.0833333333,2017-12-15 15:00:00
1072,496594.85,2017-12-15 16:00:00
1073,553204.2881355932,2017-12-15 17:00:00
1074,549806.2666666667,2017-12-15 18:00:00
1075,536655.6333333333,2017-12-15 19:00:00
1076,503269.5833333333,2017-12-15 20:00:00
1077,519112.9830508475,2017-12-15 21:00:00
1078,517261.4666666667,2017-12-15 22:00:00
1079,468848.4166666667,2017-12-15 23:00:00
1080,454416.74576271186,2017-12-16 00:00:00
1081,437060.57627118647,2017-12-16 01:00:00
1082,425928.7833333333,2017-12-16 02:00:00
1083,424327.23333333334,2017-12-16 03:00:00
1084,429304.6,2017-12-16 04:00:00
1085,431346.57627118647,2017-12-16 05:00:00
1086,348359.4166666667,2017-12-16 06:00:00
1087,329877.8,2017-12-16 07:00:00
1088,367660.06666666665,2017-12-16 08:00:00
1089,423723.30508474575,2017-12-16 09:00:00
1090,459492.43333333335,2017-12-16 10:00:00
1091,417490.06666666665,2017-12-16 11:00:00
1092,410546.4166666667,2017-12-16 12:00:00
1093,418491.1186440678,2017-12-16 13:00:00
1094,393344.95,2017-12-16 14:00:00
1095,388892.5833333333,2017-12-16 15:00:00
1096,392475.25,2017-12-16 16:00:00
1097,504431.6440677966,2017-12-16 17:00:00
1098,521786.55,2017-12-16 18:00:00
1099,513501.65,2017-12-16 19:00:00
1100,497494.86666666664,2017-12-16 20:00:00
1101,511312.23728813557,2017-12-16 21:00:00
1102,505664.5833333333,2017-12-16 22:00:00
1103,464150.0833333333,2017-12-16 23:00:00
1104,436651.83050847455,2017-12-17 00:00:00
1105,420553.0677966102,2017-12-17 01:00:00
1106,412539.0,2017-12-17 02:00:00
1107,408400.73333333334,2017-12-17 03:00:00
1108,433093.5,2017-12-17 04:00:00
1109,436620.3559322034,2017-12-17 05:00:00
1110,338217.75,2017-12-17 06:00:00
1111,317169.8333333333,2017-12-17 07:00:00
1112,350234.56666666665,2017-12-17 08:00:00
1113,405271.9661016949,2017-12-17 09:00:00
1114,414711.93333333335,2017-12-17 10:00:00
1115,449024.7166666667,2017-12-17 11:00:00
1116,407221.9166666667,2017-12-17 12:00:00
1117,412080.42372881353,2017-12-17 13:00:00
1118,387871.0333333333,2017-12-17 14:00:00
1119,387121.5,2017-12-17 15:00:00
1120,394917.61666666664,2017-12-17 16:00:00
1121,509085.4576271186,2017-12-17 17:00:00
1122,520144.55,2017-12-17 18:00:00
1123,507579.7166666667,2017-12-17 19:00:00
1124,495454.0833333333,2017-12-17 20:00:00
1125,494055.4915254237,2017-12-17 21:00:00
1126,486439.86666666664,2017-12-17 22:00:00
1127,459687.06666666665,2017-12-17 23:00:00
1128,438068.2033898305,2017-12-18 00:00:00
1129,425842.9661016949,2017-12-18 01:00:00
1130,417180.7833333333,2017-12-18 02:00:00
1131,417522.6,2017-12-18 03:00:00
1132,413556.38333333336,2017-12-18 04:00:00
1133,445231.9491525424,2017-12-18 05:00:00
1134,396309.35,2017-12-18 06:00:00
1135,375581.4666666667,2017-12-18 07:00:00
1136,393212.2,2017-12-18 08:00:00
1137,469760.86440677964,2017-12-18 09:00:00
1138,448247.76666666666,2017-12-18 10:00:00
1139,488249.9,2017-12-18 11:00:00
1140,461376.76666666666,2017-12-18 12:00:00
1141,454816.72881355934,2017-12-18 13:00:00
1142,473783.8333333333,2017-12-18 14:00:00
1143,493964.43333333335,2017-12-18 15:00:00
1144,479260.73333333334,2017-12-18 16:00:00
1145,570482.0,2017-12-18 17:00:00
1146,568694.2,2017-12-18 18:00:00
1147,561265.7166666667,2017-12-18 19:00:00
1148,538899.4166666666,2017-12-18 20:00:00
1149,538424.7288135593,2017-12-18 21:00:00
1150,548656.9333333333,2017-12-18 22:00:00
1151,497384.25,2017-12-18 23:00:00
1152,475072.72881355934,2017-12-19 00:00:00
1153,455507.57627118647,2017-12-19 01:00:00
1154,442883.11666666664,2017-12-19 02:00:00
1155,438431.2833333333,2017-12-19 03:00:00
1156,452405.7166666667,2017-12-19 04:00:00
1157,452696.74576271186,2017-12-19 05:00:00
1158,394285.95,2017-12-19 06:00:00
1159,390150.38333333336,2017-12-19 07:00:00
1160,442825.35,2017-12-19 08:00:00
1161,516456.25423728814,2017-12-19 09:00:00
1162,543373.5833333334,2017-12-19 10:00:00
1163,510682.6,2017-12-19 11:00:00
1164,515425.8333333333,2017-12-19 12:00:00
1165,493445.9830508475,2017-12-19 13:00:00
1166,524778.3,2017-12-19 14:00:00
1167,482136.9166666667,2017-12-19 15:00:00
1168,495714.7,2017-12-19 16:00:00
1169,556215.9491525424,2017-12-19 17:00:00
1170,558195.4666666667,2017-12-19 18:00:00
1171,560643.9,2017-12-19 19:00:00
1172,536600.3833333333,2017-12-19 20:00:00
1173,525387.2033898305,2017-12-19 21:00:00
1174,551459.4666666667,2017-12-19 22:00:00
1175,500595.18333333335,2017-12-19 23:00:00
1176,482026.406779661,2017-12-20 00:00:00
1177,463085.4915254237,2017-12-20 01:00:00
1178,456592.43333333335,2017-12-20 02:00:00
1179,445542.6666666667,2017-12-20 03:00:00
1180,446582.35,2017-12-20 04:00:00
1181,461955.23728813557,2017-12-20 05:00:00
1182,400262.98333333334,2017-12-20 06:00:00
1183,386482.55,2017-12-20 07:00:00
1184,422479.0333333333,2017-12-20 08:00:00
1185,505347.593220339,2017-12-20 09:00:00
1186,514149.36666666664,2017-12-20 10:00:00
1187,524876.8166666667,2017-12-20 11:00:00
1188,520378.3,2017-12-20 12:00:00
1189,510108.66101694916,2017-12-20 13:00:00
1190,506131.4166666667,2017-12-20 14:00:00
1191,496425.75,2017-12-20 15:00:00
1192,503538.63333333336,2017-12-20 16:00:00
1193,564989.0677966102,2017-12-20 17:00:00
1194,567446.0166666667,2017-12-20 18:00:00
1195,562249.6,2017-12-20 19:00:00
1196,540295.1166666667,2017-12-20 20:00:00
1197,515382.5084745763,2017-12-20 21:00:00
1198,490090.9,2017-12-20 22:00:00
1199,461199.68333333335,2017-12-20 23:00:00
1200,447005.81355932204,2017-12-21 00:00:00
1201,430852.9491525424,2017-12-21 01:00:00
1202,425473.15,2017-12-21 02:00:00
1203,425038.6666666667,2017-12-21 03:00:00
1204,417759.86666666664,2017-12-21 04:00:00
1205,427379.9661016949,2017-12-21 05:00:00
1206,371301.36666666664,2017-12-21 06:00:00
1207,349555.36666666664,2017-12-21 07:00:00
1208,386627.38333333336,2017-12-21 08:00:00
1209,487222.77966101695,2017-12-21 09:00:00
1210,507333.11666666664,2017-12-21 10:00:00
1211,523356.73333333334,2017-12-21 11:00:00
1212,517391.1,2017-12-21 12:00:00
1213,503221.28813559323,2017-12-21 13:00:00
1214,491979.95,2017-12-21 14:00:00
1215,513210.86666666664,2017-12-21 15:00:00
1216,505439.8333333333,2017-12-21 16:00:00
1217,570007.0508474576,2017-12-21 17:00:00
1218,568210.9666666667,2017-12-21 18:00:00
1219,543989.7666666667,2017-12-21 19:00:00
1220,531579.4833333333,2017-12-21 20:00:00
1221,527949.2372881356,2017-12-21 21:00:00
1222,497919.4666666667,2017-12-21 22:00:00
1223,473435.05,2017-12-21 23:00:00
1224,459135.8474576271,2017-12-22 00:00:00
1225,439971.4915254237,2017-12-22 01:00:00
1226,424392.15,2017-12-22 02:00:00
1227,420929.8333333333,2017-12-22 03:00:00
1228,418967.1666666667,2017-12-22 04:00:00
1229,447056.0847457627,2017-12-22 05:00:00
1230,359347.7,2017-12-22 06:00:00
1231,366984.63333333336,2017-12-22 07:00:00
1232,416466.23333333334,2017-12-22 08:00:00
1233,485838.0847457627,2017-12-22 09:00:00
1234,522385.31666666665,2017-12-22 10:00:00
1235,520266.2833333333,2017-12-22 11:00:00
1236,531490.3666666667,2017-12-22 12:00:00
1237,521429.89830508473,2017-12-22 13:00:00
1238,458929.93333333335,2017-12-22 14:00:00
1239,480931.3,2017-12-22 15:00:00
1240,484318.6666666667,2017-12-22 16:00:00
1241,523283.33898305084,2017-12-22 17:00:00
1242,518994.5833333333,2017-12-22 18:00:00
1243,535583.6666666666,2017-12-22 19:00:00
1244,499094.55,2017-12-22 20:00:00
1245,487669.406779661,2017-12-22 21:00:00
1246,476006.31666666665,2017-12-22 22:00:00
1247,455129.2166666667,2017-12-22 23:00:00
1248,433447.30508474575,2017-12-23 00:00:00
1249,426961.1186440678,2017-12-23 01:00:00
1250,418028.88333333336,2017-12-23 02:00:00
1251,416055.55,2017-12-23 03:00:00
1252,413678.86666666664,2017-12-23 04:00:00
1253,443341.4406779661,2017-12-23 05:00:00
1254,356178.1,2017-12-23 06:00:00
1255,346134.05,2017-12-23 07:00:00
1256,385320.7833333333,2017-12-23 08:00:00
1257,420726.0677966102,2017-12-23 09:00:00
1258,444927.8333333333,2017-12-23 10:00:00
1259,416111.9166666667,2017-12-23 11:00:00
1260,421769.9,2017-12-23 12:00:00
1261,443288.3728813559,2017-12-23 13:00:00
1262,400831.23333333334,2017-12-23 14:00:00
1263,382242.63333333336,2017-12-23 15:00:00
1264,377947.85,2017-12-23 16:00:00
1265,480232.0677966102,2017-12-23 17:00:00
1266,513369.01666666666,2017-12-23 18:00:00
1267,509055.63333333336,2017-12-23 19:00:00
1268,499938.55,2017-12-23 20:00:00
1269,484629.0677966102,2017-12-23 21:00:00
1270,465127.45,2017-12-23 22:00:00
1271,467400.2,2017-12-23 23:00:00
1272,432480.3898305085,2017-12-24 00:00:00
1273,421822.23728813557,2017-12-24 01:00:00
1274,407617.35,2017-12-24 02:00:00
1275,409733.9666666667,2017-12-24 03:00:00
1276,415246.0333333333,2017-12-24 04:00:00
1277,426056.28813559323,2017-12-24 05:00:00
1278,334269.75,2017-12-24 06:00:00
1279,321469.4166666667,2017-12-24 07:00:00
1280,358249.73333333334,2017-12-24 08:00:00
1281,397940.27118644066,2017-12-24 09:00:00
1282,394722.25,2017-12-24 10:00:00
1283,463991.93333333335,2017-12-24 11:00:00
1284,395778.18333333335,2017-12-24 12:00:00
1285,407637.7966101695,2017-12-24 13:00:00
1286,373175.0,2017-12-24 14:00:00
1287,375550.01666666666,2017-12-24 15:00:00
1288,383681.3333333333,2017-12-24 16:00:00
1289,454307.22033898305,2017-12-24 17:00:00
1290,488164.13333333336,2017-12-24 18:00:00
1291,513926.26666666666,2017-12-24 19:00:00
1292,483738.0,2017-12-24 20:00:00
1293,464631.77966101695,2017-12-24 21:00:00
1294,449056.0,2017-12-24 22:00:00
1295,435551.9666666667,2017-12-24 23:00:00
1296,421747.4576271186,2017-12-25 00:00:00
1297,409459.45,2017-12-25 01:00:00
1298,401711.5423728814,2017-12-25 02:00:00
1299,411182.95,2017-12-25 03:00:00
1300,408609.85,2017-12-25 04:00:00
1301,418795.4166666667,2017-12-25 05:00:00
1302,355411.4576271186,2017-12-25 06:00:00
1303,319806.43333333335,2017-12-25 07:00:00
1304,356272.23333333334,2017-12-25 08:00:00
1305,385699.18333333335,2017-12-25 09:00:00
1306,426258.0169491525,2017-12-25 10:00:00
1307,403184.18333333335,2017-12-25 11:00:00
1308,399869.0833333333,2017-12-25 12:00:00
1309,411183.4,2017-12-25 13:00:00
1310,372796.6440677966,2017-12-25 14:00:00
1311,373433.15,2017-12-25 15:00:00
1312,363943.25,2017-12-25 16:00:00
1313,485972.75,2017-12-25 17:00:00
1314,509338.72881355934,2017-12-25 18:00:00
1315,500173.35,2017-12-25 19:00:00
1316,457114.95,2017-12-25 20:00:00
1317,476376.45,2017-12-25 21:00:00
1318,452148.0,2017-12-25 22:00:00
1319,431471.0333333333,2017-12-25 23:00:00
1320,423129.7966101695,2017-12-26 00:00:00
1321,410046.3333333333,2017-12-26 01:00:00
1322,403460.5084745763,2017-12-26 02:00:00
1323,397452.93333333335,2017-12-26 03:00:00
1324,394627.0833333333,2017-12-26 04:00:00
1325,408077.5833333333,2017-12-26 05:00:00
1326,366234.406779661,2017-12-26 06:00:00
1327,324551.4,2017-12-26 07:00:00
1328,370522.31666666665,2017-12-26 08:00:00
1329,455578.56666666665,2017-12-26 09:00:00
1330,525118.6779661017,2017-12-26 10:00:00
1331,484033.36666666664,2017-12-26 11:00:00
1332,474029.1,2017-12-26 12:00:00
1333,481401.81666666665,2017-12-26 13:00:00
1334,458779.69491525425,2017-12-26 14:00:00
1335,458370.86666666664,2017-12-26 15:00:00
1336,476541.01666666666,2017-12-26 16:00:00
1337,560493.2833333333,2017-12-26 17:00:00
1338,569165.220338983,2017-12-26 18:00:00
1339,555871.7833333333,2017-12-26 19:00:00
1340,553217.2333333333,2017-12-26 20:00:00
1341,505909.18333333335,2017-12-26 21:00:00
1342,514338.66101694916,2017-12-26 22:00:00
1343,474942.06666666665,2017-12-26 23:00:00
1344,457270.4915254237,2017-12-27 00:00:00
1345,443487.36666666664,2017-12-27 01:00:00
1346,428206.81355932204,2017-12-27 02:00:00
1347,422034.13333333336,2017-12-27 03:00:00
1348,437144.5333333333,2017-12-27 04:00:00
1349,444095.73333333334,2017-12-27 05:00:00
1350,391222.0847457627,2017-12-27 06:00:00
1351,356661.48333333334,2017-12-27 07:00:00
1352,406373.4166666667,2017-12-27 08:00:00
1353,494045.73333333334,2017-12-27 09:00:00
1354,503062.9661016949,2017-12-27 10:00:00
1355,491031.63333333336,2017-12-27 11:00:00
1356,479605.1,2017-12-27 12:00:00
1357,479749.76666666666,2017-12-27 13:00:00
1358,449869.6440677966,2017-12-27 14:00:00
1359,497120.9,2017-12-27 15:00:00
1360,503282.1666666667,2017-12-27 16:00:00
1361,563859.9,2017-12-27 17:00:00
1362,586851.0847457628,2017-12-27 18:00:00
1363,567884.9666666667,2017-12-27 19:00:00
1364,553256.1166666667,2017-12-27 20:00:00
1365,553056.4666666667,2017-12-27 21:00:00
1366,514496.406779661,2017-12-27 22:00:00
1367,491715.76666666666,2017-12-27 23:00:00
1368,474040.16949152545,2017-12-28 00:00:00
1369,460021.15,2017-12-28 01:00:00
1370,440565.3728813559,2017-12-28 02:00:00
1371,433336.8,2017-12-28 03:00:00
1372,437586.51666666666,2017-12-28 04:00:00
1373,443216.36666666664,2017-12-28 05:00:00
1374,395971.3898305085,2017-12-28 06:00:00
1375,358859.13333333336,2017-12-28 07:00:00
1376,411483.73333333334,2017-12-28 08:00:00
1377,485898.4166666667,2017-12-28 09:00:00
1378,530021.0169491526,2017-12-28 10:00:00
1379,519426.4666666667,2017-12-28 11:00:00
1380,506528.73333333334,2017-12-28 12:00:00
1381,467069.76666666666,2017-12-28 13:00:00
1382,480315.28813559323,2017-12-28 14:00:00
1383,496916.3,2017-12-28 15:00:00
1384,488250.8,2017-12-28 16:00:00
1385,548343.7,2017-12-28 17:00:00
1386,564832.186440678,2017-12-28 18:00:00
1387,539871.15,2017-12-28 19:00:00
1388,527814.9,2017-12-28 20:00:00
1389,565568.2333333333,2017-12-28 21:00:00
1390,533315.4576271187,2017-12-28 22:00:00
1391,508971.2,2017-12-28 23:00:00
1392,474546.13559322036,2017-12-29 00:00:00
1393,450859.9666666667,2017-12-29 01:00:00
1394,434119.0508474576,2017-12-29 02:00:00
1395,423431.5833333333,2017-12-29 03:00:00
1396,419082.76666666666,2017-12-29 04:00:00
1397,443683.4,2017-12-29 05:00:00
1398,397709.593220339,2017-12-29 06:00:00
1399,368241.1,2017-12-29 07:00:00
1400,397690.45,2017-12-29 08:00:00
1401,496424.8333333333,2017-12-29 09:00:00
1402,520264.74576271186,2017-12-29 10:00:00
1403,521322.23333333334,2017-12-29 11:00:00
1404,549856.5666666667,2017-12-29 12:00:00
1405,527943.9833333333,2017-12-29 13:00:00
1406,507571.13559322036,2017-12-29 14:00:00
1407,569968.4,2017-12-29 15:00:00
1408,529973.2166666667,2017-12-29 16:00:00
1409,579786.5833333334,2017-12-29 17:00:00
1410,579067.5084745763,2017-12-29 18:00:00
1411,572315.0,2017-12-29 19:00:00
1412,543549.8333333334,2017-12-29 20:00:00
1413,560628.4333333333,2017-12-29 21:00:00
1414,536822.8474576271,2017-12-29 22:00:00
1415,509847.45,2017-12-29 23:00:00
1416,481030.3559322034,2017-12-30 00:00:00
1417,459716.73333333334,2017-12-30 01:00:00
1418,446568.3898305085,2017-12-30 02:00:00
1419,433757.1666666667,2017-12-30 03:00:00
1420,435097.9166666667,2017-12-30 04:00:00
1421,446390.2166666667,2017-12-30 05:00:00
1422,407400.6440677966,2017-12-30 06:00:00
1423,368614.06666666665,2017-12-30 07:00:00
1424,391009.25,2017-12-30 08:00:00
1425,435065.9,2017-12-30 09:00:00
1426,484126.81355932204,2017-12-30 10:00:00
1427,465792.0333333333,2017-12-30 11:00:00
1428,462011.3,2017-12-30 12:00:00
1429,449559.6,2017-12-30 13:00:00
1430,425697.30508474575,2017-12-30 14:00:00
1431,422310.65,2017-12-30 15:00:00
1432,443530.5333333333,2017-12-30 16:00:00
1433,508684.2833333333,2017-12-30 17:00:00
1434,538327.5423728813,2017-12-30 18:00:00
1435,537563.45,2017-12-30 19:00:00
1436,536647.4,2017-12-30 20:00:00
1437,555874.6833333333,2017-12-30 21:00:00
1438,528600.593220339,2017-12-30 22:00:00
1439,493233.6617647059,2017-12-30 23:00:00
1440,465323.25423728814,2017-12-31 00:00:00
1441,449623.73333333334,2017-12-31 01:00:00
1442,439072.8333333333,2017-12-31 02:00:00
1443,437443.5423728814,2017-12-31 03:00:00
1444,430662.36666666664,2017-12-31 04:00:00
1445,472950.11666666664,2017-12-31 05:00:00
1446,385543.23333333334,2017-12-31 06:00:00
1447,362436.488372093,2017-12-31 07:00:00
1448,386951.98333333334,2017-12-31 08:00:00
1449,423273.8333333333,2017-12-31 09:00:00
1450,429311.13333333336,2017-12-31 10:00:00
1451,463636.76271186443,2017-12-31 11:00:00
1452,474682.4666666667,2017-12-31 12:00:00
1453,493786.95,2017-12-31 13:00:00
1454,421360.38333333336,2017-12-31 14:00:00
1455,470578.42372881353,2017-12-31 15:00:00
1456,415733.56666666665,2017-12-31 16:00:00
1457,509696.38333333336,2017-12-31 17:00:00
1458,533270.2833333333,2017-12-31 18:00:00
1459,555442.0,2017-12-31 19:00:00
1460,524487.1833333333,2017-12-31 20:00:00
1461,529528.45,2017-12-31 21:00:00
1462,524141.63333333336,2017-12-31 22:00:00
1463,493257.4745762712,2017-12-31 23:00:00
1464,479946.6779661017,2018-01-01 00:00:00
1465,467941.65,2018-01-01 01:00:00
1466,448473.1,2018-01-01 02:00:00
1467,433231.86440677964,2018-01-01 03:00:00
1468,430615.95,2018-01-01 04:00:00
1469,436405.38333333336,2018-01-01 05:00:00
1470,407808.7,2018-01-01 06:00:00
1471,372500.69491525425,2018-01-01 07:00:00
1472,424392.11666666664,2018-01-01 08:00:00
1473,479550.06666666665,2018-01-01 09:00:00
1474,523961.8,2018-01-01 10:00:00
1475,572905.220338983,2018-01-01 11:00:00
1476,605690.5666666667,2018-01-01 12:00:00
1477,539613.9666666667,2018-01-01 13:00:00
1478,525074.4333333333,2018-01-01 14:00:00
1479,504189.593220339,2018-01-01 15:00:00
1480,509115.0833333333,2018-01-01 16:00:00
1481,625283.8833333333,2018-01-01 17:00:00
1482,652822.75,2018-01-01 18:00:00
1483,605685.0847457628,2018-01-01 19:00:00
1484,563595.2166666667,2018-01-01 20:00:00
1485,580707.2166666667,2018-01-01 21:00:00
1486,564174.0333333333,2018-01-01 22:00:00
1487,534827.7457627119,2018-01-01 23:00:00
1488,506862.71186440677,2018-01-02 00:00:00
1489,482348.5833333333,2018-01-02 01:00:00
1490,464616.88333333336,2018-01-02 02:00:00
1491,447641.9322033898,2018-01-02 03:00:00
1492,442848.5333333333,2018-01-02 04:00:00
1493,488533.98333333334,2018-01-02 05:00:00
1494,425409.36666666664,2018-01-02 06:00:00
1495,396207.71186440677,2018-01-02 07:00:00
1496,460748.4,2018-01-02 08:00:00
1497,533732.5333333333,2018-01-02 09:00:00
1498,597167.5666666667,2018-01-02 10:00:00
1499,637607.3220338983,2018-01-02 11:00:00
1500,602146.1166666667,2018-01-02 12:00:00
1501,669306.0666666667,2018-01-02 13:00:00
1502,616753.95,2018-01-02 14:00:00
1503,699158.966101695,2018-01-02 15:00:00
1504,707940.3833333333,2018-01-02 16:00:00
1505,730924.4833333333,2018-01-02 17:00:00
1506,721876.1166666667,2018-01-02 18:00:00
1507,692044.5084745763,2018-01-02 19:00:00
1508,672688.7833333333,2018-01-02 20:00:00
1509,688899.5833333334,2018-01-02 21:00:00
1510,656840.2666666667,2018-01-02 22:00:00
1511,634343.8474576271,2018-01-02 23:00:00
1512,585557.2542372881,2018-01-03 00:00:00
1513,560538.1666666666,2018-01-03 01:00:00
1514,546782.3833333333,2018-01-03 02:00:00
1515,525222.220338983,2018-01-03 03:00:00
1516,525932.7333333333,2018-01-03 04:00:00
1517,529105.9666666667,2018-01-03 05:00:00
1518,485424.81666666665,2018-01-03 06:00:00
1519,457359.25423728814,2018-01-03 07:00:00
1520,559779.95,2018-01-03 08:00:00
1521,687387.0833333334,2018-01-03 09:00:00
1522,739252.5,2018-01-03 10:00:00
1523,806330.3898305085,2018-01-03 11:00:00
1524,843997.7,2018-01-03 12:00:00
1525,812295.6833333333,2018-01-03 13:00:00
1526,826702.3333333334,2018-01-03 14:00:00
1527,815830.5762711865,2018-01-03 15:00:00
1528,832077.6666666666,2018-01-03 16:00:00
1529,904825.15,2018-01-03 17:00:00
1530,866246.3,2018-01-03 18:00:00
1531,832548.4237288135,2018-01-03 19:00:00
1532,812427.5333333333,2018-01-03 20:00:00
1533,796725.0,2018-01-03 21:00:00
1534,766933.4333333333,2018-01-03 22:00:00
1535,739431.7457627119,2018-01-03 23:00:00
1536,672842.4915254237,2018-01-04 00:00:00
1537,640023.7833333333,2018-01-04 01:00:00
1538,625437.7333333333,2018-01-04 02:00:00
1539,596530.5084745763,2018-01-04 03:00:00
1540,616508.1166666667,2018-01-04 04:00:00
1541,631650.1,2018-01-04 05:00:00
1542,551722.8833333333,2018-01-04 06:00:00
1543,561580.4576271187,2018-01-04 07:00:00
1544,645222.2833333333,2018-01-04 08:00:00
1545,812053.9,2018-01-04 09:00:00
1546,870473.1666666666,2018-01-04 10:00:00
1547,882466.4745762711,2018-01-04 11:00:00
1548,911997.5333333333,2018-01-04 12:00:00
1549,826285.2333333333,2018-01-04 13:00:00
1550,805181.9833333333,2018-01-04 14:00:00
1551,815024.7,2018-01-04 15:00:00
1552,864051.4237288135,2018-01-04 16:00:00
1553,906393.3833333333,2018-01-04 17:00:00
1554,881653.7,2018-01-04 18:00:00
1555,863021.0166666667,2018-01-04 19:00:00
1556,835114.5084745763,2018-01-04 20:00:00
1557,859327.2333333333,2018-01-04 21:00:00
1558,816301.1,2018-01-04 22:00:00
1559,761078.0333333333,2018-01-04 23:00:00
1560,711246.2068965518,2018-01-05 00:00:00
1561,680876.9833333333,2018-01-05 01:00:00
1562,643338.3833333333,2018-01-05 02:00:00
1563,641723.05,2018-01-05 03:00:00
1564,626233.3898305085,2018-01-05 04:00:00
1565,668006.5166666667,2018-01-05 05:00:00
1566,598381.0166666667,2018-01-05 06:00:00
1567,605065.3333333334,2018-01-05 07:00:00
1568,716985.7118644068,2018-01-05 08:00:00
1569,901832.6333333333,2018-01-05 09:00:00
1570,1003070.3666666667,2018-01-05 10:00:00
1571,991746.4833333333,2018-01-05 11:00:00
1572,961231.4576271187,2018-01-05 12:00:00
1573,908827.8833333333,2018-01-05 13:00:00
1574,946875.0333333333,2018-01-05 14:00:00
1575,931775.1833333333,2018-01-05 15:00:00
1576,920709.5593220339,2018-01-05 16:00:00
1577,928403.1333333333,2018-01-05 17:00:00
1578,918121.3833333333,2018-01-05 18:00:00
1579,907414.75,2018-01-05 19:00:00
1580,877354.0508474576,2018-01-05 20:00:00
1581,892985.35,2018-01-05 21:00:00
1582,869221.7166666667,2018-01-05 22:00:00
1583,830141.0833333334,2018-01-05 23:00:00
1584,771034.7586206896,2018-01-06 00:00:00
1585,725411.0333333333,2018-01-06 01:00:00
1586,686479.1333333333,2018-01-06 02:00:00
1587,679079.0666666667,2018-01-06 03:00:00
1588,667072.0508474576,2018-01-06 04:00:00
1589,696984.3833333333,2018-01-06 05:00:00
1590,621623.5333333333,2018-01-06 06:00:00
1591,595319.4333333333,2018-01-06 07:00:00
1592,655957.1355932204,2018-01-06 08:00:00
1593,761101.7,2018-01-06 09:00:00
1594,769659.1666666666,2018-01-06 10:00:00
1595,785901.1833333333,2018-01-06 11:00:00
1596,764711.6440677966,2018-01-06 12:00:00
1597,759703.75,2018-01-06 13:00:00
1598,731510.7666666667,2018-01-06 14:00:00
1599,743088.1166666667,2018-01-06 15:00:00
1600,736070.8305084746,2018-01-06 16:00:00
1601,822313.2166666667,2018-01-06 17:00:00
1602,861378.9333333333,2018-01-06 18:00:00
1603,860774.7333333333,2018-01-06 19:00:00
1604,848738.5762711865,2018-01-06 20:00:00
1605,859212.2833333333,2018-01-06 21:00:00
1606,842764.8833333333,2018-01-06 22:00:00
1607,818605.9833333333,2018-01-06 23:00:00
1608,752851.9137931034,2018-01-07 00:00:00
1609,703771.7,2018-01-07 01:00:00
1610,685098.3,2018-01-07 02:00:00
1611,671724.45,2018-01-07 03:00:00
1612,661634.186440678,2018-01-07 04:00:00
1613,697246.0666666667,2018-01-07 05:00:00
1614,635647.4,2018-01-07 06:00:00
1615,595369.45,2018-01-07 07:00:00
1616,644929.186440678,2018-01-07 08:00:00
1617,781284.0666666667,2018-01-07 09:00:00
1618,736763.4833333333,2018-01-07 10:00:00
1619,761418.6333333333,2018-01-07 11:00:00
1620,753892.4237288135,2018-01-07 12:00:00
1621,773162.9333333333,2018-01-07 13:00:00
1622,659189.756097561,2018-01-07 14:00:00
1623,639951.35,2018-01-07 15:00:00
1624,691770.1833333333,2018-01-07 16:00:00
1625,738139.55,2018-01-07 17:00:00
1626,807143.0508474576,2018-01-07 18:00:00
1627,808568.9333333333,2018-01-07 19:00:00
1628,803703.8166666667,2018-01-07 20:00:00
1629,815623.8166666667,2018-01-07 21:00:00
1630,814577.5084745763,2018-01-07 22:00:00
1631,731678.4833333333,2018-01-07 23:00:00
1632,693740.7966101695,2018-01-08 00:00:00
1633,640601.1833333333,2018-01-08 01:00:00
1634,623133.966101695,2018-01-08 02:00:00
1635,614474.4,2018-01-08 03:00:00
1636,625913.1,2018-01-08 04:00:00
1637,647981.0166666667,2018-01-08 05:00:00
1638,578614.0677966102,2018-01-08 06:00:00
1639,571399.95,2018-01-08 07:00:00
1640,689467.0,2018-01-08 08:00:00
1641,787878.65,2018-01-08 09:00:00
1642,955832.3898305085,2018-01-08 10:00:00
1643,998794.3333333334,2018-01-08 11:00:00
1644,1003301.4333333333,2018-01-08 12:00:00
1645,925593.8833333333,2018-01-08 13:00:00
1646,848663.3220338983,2018-01-08 14:00:00
1647,843883.9,2018-01-08 15:00:00
1648,871073.3,2018-01-08 16:00:00
1649,946733.1833333333,2018-01-08 17:00:00
1650,928188.3050847457,2018-01-08 18:00:00
1651,928799.9833333333,2018-01-08 19:00:00
1652,929209.6333333333,2018-01-08 20:00:00
1653,942748.0833333334,2018-01-08 21:00:00
1654,935964.3728813559,2018-01-08 22:00:00
1655,871521.7333333333,2018-01-08 23:00:00
1656,805505.2033898305,2018-01-09 00:00:00
1657,757769.5833333334,2018-01-09 01:00:00
1658,723970.0508474576,2018-01-09 02:00:00
1659,696895.75,2018-01-09 03:00:00
1660,698876.5833333334,2018-01-09 04:00:00
1661,738099.55,2018-01-09 05:00:00
1662,687240.0677966102,2018-01-09 06:00:00
1663,677976.45,2018-01-09 07:00:00
1664,791895.3333333334,2018-01-09 08:00:00
1665,880709.5333333333,2018-01-09 09:00:00
1666,945842.1694915254,2018-01-09 10:00:00
1667,941178.0333333333,2018-01-09 11:00:00
1668,942787.2,2018-01-09 12:00:00
1669,942202.2333333333,2018-01-09 13:00:00
1670,883735.779661017,2018-01-09 14:00:00
1671,912762.0,2018-01-09 15:00:00
1672,941486.1833333333,2018-01-09 16:00:00
1673,944369.9333333333,2018-01-09 17:00:00
1674,942006.3898305085,2018-01-09 18:00:00
1675,954188.85,2018-01-09 19:00:00
1676,964626.3666666667,2018-01-09 20:00:00
1677,930517.45,2018-01-09 21:00:00
1678,915288.25,2018-01-09 22:00:00
1679,864024.2542372881,2018-01-09 23:00:00
1680,812923.9152542372,2018-01-10 00:00:00
1681,763719.9666666667,2018-01-10 01:00:00
1682,725859.6666666666,2018-01-10 02:00:00
1683,707005.406779661,2018-01-10 03:00:00
1684,711425.6833333333,2018-01-10 04:00:00
1685,745786.9,2018-01-10 05:00:00
1686,679236.8,2018-01-10 06:00:00
1687,701013.5254237289,2018-01-10 07:00:00
1688,798414.7,2018-01-10 08:00:00
1689,936409.7166666667,2018-01-10 09:00:00
1690,1008233.0333333333,2018-01-10 10:00:00
1691,1038474.9152542372,2018-01-10 11:00:00
1692,1026382.1166666667,2018-01-10 12:00:00
1693,995253.5666666667,2018-01-10 13:00:00
1694,1021709.8166666667,2018-01-10 14:00:00
1695,996388.6101694915,2018-01-10 15:00:00
1696,982649.9166666666,2018-01-10 16:00:00
1697,1023254.1666666666,2018-01-10 17:00:00
1698,1032105.3,2018-01-10 18:00:00
1699,1007794.8813559322,2018-01-10 19:00:00
1700,976713.0333333333,2018-01-10 20:00:00
1701,962244.0666666667,2018-01-10 21:00:00
1702,937054.9833333333,2018-01-10 22:00:00
1703,888098.9491525424,2018-01-10 23:00:00
1704,844250.8983050848,2018-01-11 00:00:00
1705,804738.6666666666,2018-01-11 01:00:00
1706,759504.0,2018-01-11 02:00:00
1707,732451.9830508474,2018-01-11 03:00:00
1708,737055.2666666667,2018-01-11 04:00:00
1709,762900.15,2018-01-11 05:00:00
1710,691527.6833333333,2018-01-11 06:00:00
1711,732361.6779661017,2018-01-11 07:00:00
1712,846658.55,2018-01-11 08:00:00
1713,932038.85,2018-01-11 09:00:00
1714,1054369.8666666667,2018-01-11 10:00:00
1715,1064557.2881355933,2018-01-11 11:00:00
1716,1081593.8333333333,2018-01-11 12:00:00
1717,1083241.8333333333,2018-01-11 13:00:00
1718,1042501.4666666667,2018-01-11 14:00:00
1719,1062256.779661017,2018-01-11 15:00:00
1720,1018828.1166666667,2018-01-11 16:00:00
1721,1016000.4333333333,2018-01-11 17:00:00
1722,1017677.9333333333,2018-01-11 18:00:00
1723,990624.8644067796,2018-01-11 19:00:00
1724,972861.4166666666,2018-01-11 20:00:00
1725,971157.9,2018-01-11 21:00:00
1726,986172.3333333334,2018-01-11 22:00:00
1727,921065.7457627119,2018-01-11 23:00:00
1728,849217.4406779661,2018-01-12 00:00:00
1729,783862.1,2018-01-12 01:00:00
1730,759711.7333333333,2018-01-12 02:00:00
1731,735717.7627118644,2018-01-12 03:00:00
1732,741234.2,2018-01-12 04:00:00
1733,761555.0,2018-01-12 05:00:00
1734,683485.9,2018-01-12 06:00:00
1735,717750.220338983,2018-01-12 07:00:00
1736,866692.8833333333,2018-01-12 08:00:00
1737,969226.6833333333,2018-01-12 09:00:00
1738,1115888.0,2018-01-12 10:00:00
1739,1069930.6779661018,2018-01-12 11:00:00
1740,1119626.3333333333,2018-01-12 12:00:00
1741,1046802.9666666667,2018-01-12 13:00:00
1742,1039345.85,2018-01-12 14:00:00
1743,1033796.186440678,2018-01-12 15:00:00
1744,1002716.7833333333,2018-01-12 16:00:00
1745,993721.95,2018-01-12 17:00:00
1746,975731.0166666667,2018-01-12 18:00:00
1747,858202.7857142857,2018-01-12 19:00:00
1748,905445.5166666667,2018-01-12 20:00:00
1749,902957.1166666667,2018-01-12 21:00:00
1750,951098.5166666667,2018-01-12 22:00:00
1751,876755.5593220339,2018-01-12 23:00:00
1752,791954.4915254237,2018-01-13 00:00:00
1753,766756.1666666666,2018-01-13 01:00:00
1754,730197.4666666667,2018-01-13 02:00:00
1755,707659.7118644068,2018-01-13 03:00:00
1756,696893.6666666666,2018-01-13 04:00:00
1757,723564.7,2018-01-13 05:00:00
1758,663388.8166666667,2018-01-13 06:00:00
1759,644775.0847457628,2018-01-13 07:00:00
1760,716047.6833333333,2018-01-13 08:00:00
1761,890498.1166666667,2018-01-13 09:00:00
1762,934935.45,2018-01-13 10:00:00
1763,942295.7966101695,2018-01-13 11:00:00
1764,904213.3,2018-01-13 12:00:00
1765,884864.2666666667,2018-01-13 13:00:00
1766,839426.2666666667,2018-01-13 14:00:00
1767,805662.779661017,2018-01-13 15:00:00
1768,767935.9655172414,2018-01-13 16:00:00
1769,872748.9666666667,2018-01-13 17:00:00
1770,905813.9333333333,2018-01-13 18:00:00
1771,907839.1,2018-01-13 19:00:00
1772,892768.7966101695,2018-01-13 20:00:00
1773,906901.1833333333,2018-01-13 21:00:00
1774,920376.3333333334,2018-01-13 22:00:00
1775,879972.7166666667,2018-01-13 23:00:00
1776,844776.4655172414,2018-01-14 00:00:00
1777,794472.3666666667,2018-01-14 01:00:00
1778,774473.8166666667,2018-01-14 02:00:00
1779,752303.0166666667,2018-01-14 03:00:00
1780,723078.7118644068,2018-01-14 04:00:00
1781,773398.8333333334,2018-01-14 05:00:00
1782,694790.4166666666,2018-01-14 06:00:00
1783,657455.5166666667,2018-01-14 07:00:00
1784,713409.0847457628,2018-01-14 08:00:00
1785,798306.8,2018-01-14 09:00:00
1786,801165.7833333333,2018-01-14 10:00:00
1787,840768.2666666667,2018-01-14 11:00:00
1788,845527.6363636364,2018-01-14 12:00:00
1789,845527.6363636364,2018-01-14 13:00:00
1790,845527.6363636364,2018-01-14 14:00:00
1791,845527.6363636364,2018-01-14 15:00:00
1792,845527.6363636364,2018-01-14 16:00:00
1793,845527.6363636364,2018-01-14 17:00:00
1794,845527.6363636364,2018-01-14 18:00:00
1795,845527.6363636364,2018-01-14 19:00:00
1796,845527.6363636364,2018-01-14 20:00:00
1797,425744.9487179487,2018-01-14 21:00:00
1798,821568.6896551724,2018-01-14 22:00:00
1799,865897.3166666667,2018-01-14 23:00:00
1800,772421.2881355932,2018-01-15 00:00:00
1801,731491.8,2018-01-15 01:00:00
1802,691654.3050847457,2018-01-15 02:00:00
1803,663860.95,2018-01-15 03:00:00
1804,655180.6833333333,2018-01-15 04:00:00
1805,656586.45,2018-01-15 05:00:00
1806,656366.3728813559,2018-01-15 06:00:00
1807,639135.95,2018-01-15 07:00:00
1808,717489.3333333334,2018-01-15 08:00:00
1809,836005.1,2018-01-15 09:00:00
1810,950573.8474576271,2018-01-15 10:00:00
1811,980063.45,2018-01-15 11:00:00
1812,996978.75,2018-01-15 12:00:00
1813,968854.0666666667,2018-01-15 13:00:00
1814,948075.9322033898,2018-01-15 14:00:00
1815,905498.0333333333,2018-01-15 15:00:00
1816,915133.0666666667,2018-01-15 16:00:00
1817,986021.4333333333,2018-01-15 17:00:00
1818,1041562.4745762711,2018-01-15 18:00:00
1819,981811.9666666667,2018-01-15 19:00:00
1820,946168.35,2018-01-15 20:00:00
1821,932367.9333333333,2018-01-15 21:00:00
1822,940937.033898305,2018-01-15 22:00:00
1823,894784.4833333333,2018-01-15 23:00:00
1824,848236.0508474576,2018-01-16 00:00:00
1825,782774.0,2018-01-16 01:00:00
1826,738231.033898305,2018-01-16 02:00:00
1827,736353.1,2018-01-16 03:00:00
1828,713923.3166666667,2018-01-16 04:00:00
1829,742357.8666666667,2018-01-16 05:00:00
1830,715709.186440678,2018-01-16 06:00:00
1831,687392.5833333334,2018-01-16 07:00:00
1832,839940.4333333333,2018-01-16 08:00:00
1833,938463.85,2018-01-16 09:00:00
1834,1009968.6271186441,2018-01-16 10:00:00
1835,1006279.8833333333,2018-01-16 11:00:00
1836,1004323.9833333333,2018-01-16 12:00:00
1837,962975.1166666667,2018-01-16 13:00:00
1838,903645.0847457628,2018-01-16 14:00:00
1839,898301.9833333333,2018-01-16 15:00:00
1840,879408.9666666667,2018-01-16 16:00:00
1841,931574.0166666667,2018-01-16 17:00:00
1842,979049.4915254237,2018-01-16 18:00:00
1843,988007.8333333334,2018-01-16 19:00:00
1844,939327.0166666667,2018-01-16 20:00:00
1845,929405.0333333333,2018-01-16 21:00:00
1846,958201.0847457628,2018-01-16 22:00:00
1847,925737.4333333333,2018-01-16 23:00:00
